<?xml version="1.0" encoding="UTF-8"?>
<!DOCTYPE mapper PUBLIC "-//mybatis.org//DTD Mapper 3.0//EN" "http://mybatis.org/dtd/mybatis-3-mapper.dtd">
<mapper namespace="com.yijiupi.himalaya.basic.message.domain.dao.MessagePOMapper">
  <delete id="deleteByPrimaryKey" parameterType="java.lang.Integer">
    delete from message
    where Id = #{id,jdbcType=INTEGER}
  </delete>
  <insert id="insert" parameterType="com.yijiupi.himalaya.basic.message.domain.po.MessagePO">
    insert into message (Id, MobileNO, IsSuccess, 
      Content, MessageType, CreateTime, 
      ErrorMessage, Extras)
    values (#{id,jdbcType=INTEGER}, #{mobileno,jdbcType=VARCHAR}, #{issuccess,jdbcType=BIT}, 
      #{content,jdbcType=VARCHAR}, #{messagetype,jdbcType=TINYINT}, #{createtime,jdbcType=TIMESTAMP}, 
      #{errormessage,jdbcType=VARCHAR}, #{extras,jdbcType=VARCHAR})
  </insert>
  <insert id="insertSelective" parameterType="com.yijiupi.himalaya.basic.message.domain.po.MessagePO">
    insert into message
    <trim prefix="(" suffix=")" suffixOverrides=",">
      <if test="id != null">
        Id,
      </if>
      <if test="mobileno != null">
        MobileNO,
      </if>
      <if test="issuccess != null">
        IsSuccess,
      </if>
      <if test="content != null">
        Content,
      </if>
      <if test="messagetype != null">
        MessageType,
      </if>
      <if test="createtime != null">
        CreateTime,
      </if>
      <if test="errormessage != null">
        ErrorMessage,
      </if>
      <if test="extras != null">
        Extras,
      </if>
    </trim>
    <trim prefix="values (" suffix=")" suffixOverrides=",">
      <if test="id != null">
        #{id,jdbcType=INTEGER},
      </if>
      <if test="mobileno != null">
        #{mobileno,jdbcType=VARCHAR},
      </if>
      <if test="issuccess != null">
        #{issuccess,jdbcType=BIT},
      </if>
      <if test="content != null">
        #{content,jdbcType=VARCHAR},
      </if>
      <if test="messagetype != null">
        #{messagetype,jdbcType=TINYINT},
      </if>
      <if test="createtime != null">
        #{createtime,jdbcType=TIMESTAMP},
      </if>
      <if test="errormessage != null">
        #{errormessage,jdbcType=VARCHAR},
      </if>
      <if test="extras != null">
        #{extras,jdbcType=VARCHAR},
      </if>
    </trim>
  </insert>
  <update id="updateByPrimaryKeySelective" parameterType="com.yijiupi.himalaya.basic.message.domain.po.MessagePO">
    update message
    <set>
      <if test="mobileno != null">
        MobileNO = #{mobileno,jdbcType=VARCHAR},
      </if>
      <if test="issuccess != null">
        IsSuccess = #{issuccess,jdbcType=BIT},
      </if>
      <if test="content != null">
        Content = #{content,jdbcType=VARCHAR},
      </if>
      <if test="messagetype != null">
        MessageType = #{messagetype,jdbcType=TINYINT},
      </if>
      <if test="createtime != null">
        CreateTime = #{createtime,jdbcType=TIMESTAMP},
      </if>
      <if test="errormessage != null">
        ErrorMessage = #{errormessage,jdbcType=VARCHAR},
      </if>
      <if test="extras != null">
        Extras = #{extras,jdbcType=VARCHAR},
      </if>
    </set>
    where Id = #{id,jdbcType=INTEGER}
  </update>
  <update id="updateByPrimaryKey" parameterType="com.yijiupi.himalaya.basic.message.domain.po.MessagePO">
    update message
    set MobileNO = #{mobileno,jdbcType=VARCHAR},
      IsSuccess = #{issuccess,jdbcType=BIT},
      Content = #{content,jdbcType=VARCHAR},
      MessageType = #{messagetype,jdbcType=TINYINT},
      CreateTime = #{createtime,jdbcType=TIMESTAMP},
      ErrorMessage = #{errormessage,jdbcType=VARCHAR},
      Extras = #{extras,jdbcType=VARCHAR}
    where Id = #{id,jdbcType=INTEGER}
  </update>
  
  <select id="findByMobile" parameterType="string" resultType="com.yijiupi.himalaya.basic.message.domain.po.MessagePO">
		select
		 message.Id,
        message.MobileNO,
        message.IsSuccess,
        message.Content,
        message.MessageType,
        message.CreateTime,
        message.ErrorMessage,
        message.Extras
		 from message where mobileno=#{mobile,jdbcType=VARCHAR}  ORDER BY Id DESC limit 0,50;
  </select>
  
</mapper>