<!DOCTYPE mapper PUBLIC "-//mybatis.org//DTD Mapper 3.0//EN" "http://mybatis.org/dtd/mybatis-3-mapper.dtd">
<mapper namespace="com.yijiupi.himalaya.basic.message.domain.dao.MessageNumListPOMapper">
  <delete id="deleteByPrimaryKey" parameterType="java.lang.Integer">
    delete from messagenumlist
    where Id = #{id,jdbcType=INTEGER}
  </delete>
  <insert id="insert" parameterType="com.yijiupi.himalaya.basic.message.domain.po.MessageNumListPO">
    insert into messagenumlist (Id, MobileNo, ListType, 
      CreateTime)
    values (#{id,jdbcType=INTEGER}, #{mobileno,jdbcType=VARCHAR}, #{listtype,jdbcType=TINYINT}, 
      #{createtime,jdbcType=TIMESTAMP})
  </insert>
  <insert id="insertSelective" parameterType="com.yijiupi.himalaya.basic.message.domain.po.MessageNumListPO">
    insert into messagenumlist
    <trim prefix="(" suffix=")" suffixOverrides=",">
      <if test="id != null">
        Id,
      </if>
      <if test="mobileno != null">
        MobileNo,
      </if>
      <if test="listtype != null">
        ListType,
      </if>
      <if test="createtime != null">
        CreateTime,
      </if>
    </trim>
    <trim prefix="values (" suffix=")" suffixOverrides=",">
      <if test="id != null">
        #{id,jdbcType=INTEGER},
      </if>
      <if test="mobileno != null">
        #{mobileno,jdbcType=VARCHAR},
      </if>
      <if test="listtype != null">
        #{listtype,jdbcType=TINYINT},
      </if>
      <if test="createtime != null">
        #{createtime,jdbcType=TIMESTAMP},
      </if>
    </trim>
  </insert>
  <update id="updateByPrimaryKeySelective" parameterType="com.yijiupi.himalaya.basic.message.domain.po.MessageNumListPO">
    update messagenumlist
    <set>
      <if test="mobileno != null">
        MobileNo = #{mobileno,jdbcType=VARCHAR},
      </if>
      <if test="listtype != null">
        ListType = #{listtype,jdbcType=TINYINT},
      </if>
      <if test="createtime != null">
        CreateTime = #{createtime,jdbcType=TIMESTAMP},
      </if>
    </set>
    where Id = #{id,jdbcType=INTEGER}
  </update>
  <update id="updateByPrimaryKey" parameterType="com.yijiupi.himalaya.basic.message.domain.po.MessageNumListPO">
    update messagenumlist
    set MobileNo = #{mobileno,jdbcType=VARCHAR},
      ListType = #{listtype,jdbcType=TINYINT},
      CreateTime = #{createtime,jdbcType=TIMESTAMP}
    where Id = #{id,jdbcType=INTEGER}
  </update>
  
  <select id="findCountByMobileAndPagerCondition" parameterType="map" resultType="java.lang.Integer">
  	select count(*) from messagenumlist
  	<if test="mobile != null and mobile != ''">
      where MobileNO=#{mobile,jdbcType=VARCHAR} 
    </if>
  </select>
  
  <select id="findByMobileAndPagerCondition" parameterType="map" resultType="com.yijiupi.himalaya.basic.message.domain.bo.BlackListResult">
	select Id,MobileNo,CreateTime from messagenumlist 
	<if test="mobile != null and mobile != ''">
      where MobileNO=#{mobile,jdbcType=VARCHAR}
    </if>
     limit #{offSet,jdbcType=INTEGER},#{pageSize,jdbcType=INTEGER}
	
  </select>

  <select id="checkMobileListOfBlackList" parameterType="java.util.List" resultType="string">
  	select MobileNO from messagenumlist
  	<if test="collection != null">
  		where MobileNO in
  		<foreach collection="collection" item="mobile" open="(" close=")" separator=",">
  			#{mobile,jdbcType=VARCHAR}
  		</foreach>
  	</if>
  </select>
  
  <select id="checkMobileOfBlackList" parameterType="string" resultType="int">
  	select count(id) from messagenumlist where MobileNO=#{mobile,jdbcType=VARCHAR}
  </select>
  
</mapper>